span,greediness,qty_to_trade,loss_limit,profit,loss
5,1.0,0.2,3,3.18809963703,-3.42262154309,6.61072118012
5,1.0,0.2,7,3.10510220084,-3.4119554989,6.51705769975
